N,L,separation,estimator,estimate,ci_low_block_envelope,ci_high_block_envelope,chains,measurements_per_chain,bootstrap_replicates_per_block,block_lengths_measurements
1,4,1,direct,-1.8015547866324627e-05,-0.00013426702516655583,9.88185695789034e-05,3,3000,500,50;100;200
1,4,2,direct,2.4719921588901836e-05,-0.00017782047739330759,0.000249444878523098,3,3000,500,50;100;200
1,4,1,rao_blackwell,2.771794660966302e-11,-4.2135503042822343e-11,1.0837091847339752e-10,3,3000,500,50;100;200
1,4,2,rao_blackwell,-2.4168753368552115e-11,-1.8053192217321644e-10,1.2553298194668535e-10,3,3000,500,50;100;200
1,6,1,direct,-9.336453363968095e-08,-1.945207883330069e-05,2.0012676188403407e-05,3,3000,500,50;100;200
1,6,2,direct,-3.031652837101704e-06,-3.08068341823591e-05,2.4164025490584223e-05,3,3000,500,50;100;200
1,6,3,direct,-1.2485031390272922e-05,-4.486734661999268e-05,2.1177129607733228e-05,3,3000,500,50;100;200
1,6,1,rao_blackwell,2.4928776311498834e-11,-1.3181549810399622e-12,4.870720225172179e-11,3,3000,500,50;100;200
1,6,2,rao_blackwell,-8.244045057113103e-12,-2.792428643766121e-11,9.98739235685849e-12,3,3000,500,50;100;200
1,6,3,rao_blackwell,-7.037320800557753e-12,-5.899903844765268e-11,3.200098708821765e-11,3,3000,500,50;100;200
1,8,1,direct,2.4990170247238435e-06,-5.733460816344112e-06,1.0735763306778329e-05,3,3000,500,50;100;200
1,8,2,direct,-1.2589324177745372e-06,-1.2116762401686246e-05,9.954205188479704e-06,3,3000,500,50;100;200
1,8,3,direct,2.12347594335912e-06,-8.700403916012546e-06,1.1927691167444615e-05,3,3000,500,50;100;200
1,8,4,direct,-5.5127153287003864e-06,-1.682878447414961e-05,5.33657310080398e-06,3,3000,500,50;100;200
1,8,1,rao_blackwell,-3.579935729414994e-13,-8.539398534709084e-12,8.729440261677365e-12,3,3000,500,50;100;200
1,8,2,rao_blackwell,-1.328374086539031e-13,-7.836444470726786e-12,8.421199486885014e-12,3,3000,500,50;100;200
1,8,3,rao_blackwell,-5.3074390481754614e-12,-1.3249909055129498e-11,2.4181132984754096e-12,3,3000,500,50;100;200
1,8,4,rao_blackwell,4.744068042493084e-12,-7.89711745396345e-12,1.7756577819626948e-11,3,3000,500,50;100;200
2,4,1,direct,5.638536178231987e-05,-7.89046089000922e-05,0.00020835557433259452,3,3000,500,50;100;200
2,4,2,direct,-8.352283295399581e-05,-0.0001995487822619308,2.232473167320029e-05,3,3000,500,50;100;200
2,4,1,rao_blackwell,2.7311295623935384e-11,-7.555082247537144e-10,8.386567878107969e-10,3,3000,500,50;100;200
2,4,2,rao_blackwell,5.440771571957336e-10,-2.926724749624624e-10,1.310810768484477e-09,3,3000,500,50;100;200
2,6,1,direct,1.8108208592787913e-05,-1.1305209302005484e-05,4.9490631175477324e-05,3,3000,500,50;100;200
2,6,2,direct,9.939169863482476e-06,-1.3366283965933166e-05,3.2908097271605556e-05,3,3000,500,50;100;200
2,6,3,direct,-2.8698288747919563e-06,-3.442921031371592e-05,3.054820612612338e-05,3,3000,500,50;100;200
2,6,1,rao_blackwell,3.15434356705441e-11,-9.944812876955e-11,1.592877589101882e-10,3,3000,500,50;100;200
2,6,2,rao_blackwell,8.180438298154238e-11,-8.253082494902652e-11,2.273935652212289e-10,3,3000,500,50;100;200
2,6,3,rao_blackwell,-7.322458899465473e-12,-3.0845069115109304e-10,3.666775672497785e-10,3,3000,500,50;100;200
2,8,1,direct,-6.912217172563056e-06,-1.765704557632286e-05,2.819231904409291e-06,3,3000,500,50;100;200
2,8,2,direct,3.5183446772666985e-06,-3.924960459404515e-06,1.0707619338269114e-05,3,3000,500,50;100;200
2,8,3,direct,-8.320541749902212e-07,-1.3416564038202822e-05,1.2605517016043939e-05,3,3000,500,50;100;200
2,8,4,direct,-1.0215966211591416e-05,-2.2822203780880577e-05,2.092827276119568e-06,3,3000,500,50;100;200
2,8,1,rao_blackwell,-2.204376859407374e-11,-7.647184526663929e-11,2.8458114849316965e-11,3,3000,500,50;100;200
2,8,2,rao_blackwell,-3.8965000774943024e-11,-1.061019998181772e-10,3.502422845276063e-11,3,3000,500,50;100;200
2,8,3,rao_blackwell,-1.8583307344058594e-11,-6.831487836505999e-11,3.248471206201651e-11,3,3000,500,50;100;200
2,8,4,rao_blackwell,-8.616415340407931e-11,-1.68029581353003e-10,-7.744814430231885e-12,3,3000,500,50;100;200
